<?xml version="1.0" encoding="UTF-8" ?>
<!DOCTYPE log4j:configuration SYSTEM "log4j.dtd">

<!--  If logs has to be displayed in console, uncomment this block -->
<!-- 
<log4j:configuration xmlns:log4j="http://jakarta.apache.org/log4j/">
  <appender name="console" class="org.apache.log4j.ConsoleAppender">
  	<param name="Target" value="System.out"/>
    <layout class="org.apache.log4j.PatternLayout">
      <param name="ConversionPattern" value="%d{ISO8601} [%p] [%t] %c - %m%n"/>
    </layout>
  </appender>

  <root>
    <priority value ="debug" />
    <appender-ref ref="console" /> 
  </root>
</log4j:configuration>

-->

<!-- Logging all the messages in a file starts -->

 <log4j:configuration xmlns:log4j="http://jakarta.apache.org/log4j/">
   <appender name="file" class="org.apache.log4j.RollingFileAppender">
     <param name="File"   value="%HYPERION_HOME%/log/auditlog.log" />
     <param name="Append" value="true" />
     <param name="MaxFileSize" value="2000KB" />
     <layout class="org.apache.log4j.PatternLayout">
      <param name="ConversionPattern" value="%d{ISO8601} [%p] [%t] %c - %m%n"/>
     </layout>
   </appender>
    <root>
    <priority value ="debug" />
    <appender-ref ref="file" />
  </root>
</log4j:configuration>

<!-- Logging all the messages in a file ends -->